url,label
http://verify-paypal.com/login,1
http://update-account-secure.com,1
http://192.168.0.1/bank-login,1
http://secure-apple-login.com,1
http://login.facebook.com.phishingsite.net,1
http://secure-verification-account-check.com,1
http://confirm-paypal-login.info,1
https://malicious-site.com/secure-update,1
http://verify-paypal.com,1
http://signin-bankofamerica.xyz,1
http://login-microsoft.support,1
https://www.google.com,0
https://www.facebook.com,0
https://www.amazon.com,0
https://www.microsoft.com,0
https://www.wikipedia.org,0
https://www.linkedin.com,0
https://www.github.com,0
https://www.apple.com,0
https://www.stackoverflow.com,0
https://www.reddit.com,0
